<application>
  <component name="ProjectManager">
    <defaultProject>
      <component name="PropertiesComponent"><![CDATA[{}]]></component>
      <component name="WindowStateProjectService">
        <state x="1060" y="445" key="FileChooserDialogImpl" timestamp="1727561389123">
          <screen x="0" y="0" width="2560" height="1392" />
        </state>
        <state x="1060" y="445" key="FileChooserDialogImpl/0.0.2560.1392/2560.0.1920.1080" timestamp="1725845311218" />
        <state x="1060" y="445" key="FileChooserDialogImpl/0.0.2560.1392/2560.0.2560.1440" timestamp="1727561389123" />
      </component>
    </defaultProject>
  </component>
</application>