<application>
  <component name="Trusted.Paths">
    <option name="TRUSTED_PROJECT_PATHS">
      <map>
        <entry key="D:\Development" value="true" />
        <entry key="D:\Documents\Data Science\Boeing" value="true" />
        <entry key="D:\Documents\Data Science\Competitions" value="true" />
        <entry key="D:\Documents\Development\LegiLens" value="true" />
        <entry key="D:\Documents\Development\Scratches" value="true" />
        <entry key="D:\Documents\Johns Hopkins\Data Structures\Homework\Module 2\Module 2 Homework" value="true" />
        <entry key="D:\Documents\Johns Hopkins\Data Structures\Homework\proj0" value="true" />
        <entry key="D:\Documents\Johns Hopkins\Data Structures\Labs\Labs\mikeanderson_lab1" value="true" />
        <entry key="D:\Documents\Johns Hopkins\Data Structures\Labs\Labs\mikeanderson_lab2" value="true" />
        <entry key="D:\Documents\Johns Hopkins\Data Structures\Labs\Labs\mikeanderson_lab3" value="true" />
        <entry key="D:\Documents\Johns Hopkins\Data Structures\Labs\Labs\mikeanderson_lab4" value="true" />
        <entry key="D:\Documents\Johns Hopkins\Data Structures\Labs\lab1" value="true" />
        <entry key="D:\Documents\Johns Hopkins\Data Structures\Labs\lab1\lab1" value="true" />
      </map>
    </option>
  </component>
</application>