<application>
  <component name="DimensionService">
    <size key="GridCell.Tab.0.left.0.0.2560.1440" width="2494" height="430" />
    <size key="GridCell.Tab.0.center.0.0.2560.1440" width="2494" height="430" />
    <size key="GridCell.Tab.0.right.0.0.2560.1440" width="2494" height="430" />
    <size key="GridCell.Tab.0.bottom.0.0.2560.1440" width="2494" height="430" />
    <size key="GridCell.Tab.1.left.0.0.2560.1440" width="2494" height="427" />
    <size key="GridCell.Tab.1.center.0.0.2560.1440" width="2494" height="427" />
    <size key="GridCell.Tab.1.right.0.0.2560.1440" width="2494" height="427" />
    <size key="GridCell.Tab.1.bottom.0.0.2560.1440" width="2494" height="427" />
    <size key="GridCell.Tab.0.left.2560.0.2560.1440" width="2494" height="446" />
    <size key="GridCell.Tab.0.center.2560.0.2560.1440" width="2494" height="446" />
    <size key="GridCell.Tab.0.right.2560.0.2560.1440" width="2494" height="446" />
    <size key="GridCell.Tab.0.bottom.2560.0.2560.1440" width="2494" height="446" />
  </component>
  <component name="WindowManager">
    <frame x="-8" y="-8" width="2570" height="1402" />
  </component>
  <component name="WindowStateApplicationService">
    <state x="1060" y="325" key="FileChooserDialogImpl" timestamp="1727561478771">
      <screen x="0" y="0" width="2560" height="1392" />
    </state>
    <state x="1060" y="325" key="FileChooserDialogImpl/0.0.2560.1392/2560.0.2560.1440" timestamp="1727561478771" />
    <state x="1280" y="572" width="800" height="650" key="WELCOME_SCREEN" timestamp="1730237012740">
      <screen x="0" y="0" width="2560" height="1392" />
    </state>
    <state x="1280" y="572" width="800" height="650" key="WELCOME_SCREEN/0.0.2560.1392/2560.0.2560.1440" timestamp="1730237012740" />
  </component>
</application>