<application>
  <component name="FindSettings">
    <option name="customScope" value="File 'D:\Documents\Data Science\Boeing\Submissions\Boeing_Solution.py [Data Science]'" />
    <option name="defaultScopeName" value="File 'D:\Documents\Data Science\Boeing\Submissions\Boeing_Solution.py [Data Science]'" />
    <option name="SEARCH_SCOPE" value="File 'D:\Documents\Data Science\Boeing\Submissions\Boeing_Solution.py [Data Science]'" />
    <mask>*.css</mask>
    <mask>*.html</mask>
    <mask>*.xml</mask>
    <mask>*.pyw</mask>
    <mask>*.py</mask>
  </component>
</application>